,Unnamed: 0,sklearn_accuracy_1,sklearn_f1_score_1,sklearn_precision_1,sklearn_recall_1,sklearn_time_1,sklearn_e_accuracy_1,sklearn_e_f1_score_1,sklearn_e_precision_1,sklearn_e_recall_1,sklearn_e_time_1,sklearn_m_accuracy_1,sklearn_m_f1_score_1,sklearn_m_precision_1,sklearn_m_recall_1,sklearn_m_time_1,sklearn_v_accuracy_1,sklearn_v_f1_score_1,sklearn_v_precision_1,sklearn_v_recall_1,sklearn_v_time_1,autoweka_accuracy_1,autoweka_f1_score_1,autoweka_precision_1,autoweka_recall_1,autoweka_time_1,recipe_valid_acc,recipe_valid_precision,recipe_valid_recall,recipe_valid_f1,recipe_train_acc,recipe_train_precision,recipe_train_recall,recipe_train_f1,recipe_test_acc,recipe_test_precision,recipe_test_recall,recipe_test_f1,smartml_model,smartml_train_acc,smartml_valid_acc,tpot_accuracy_1,tpot_f1_score_1,tpot_precision_1,tpot_recall_1,tpot_time_1
0,AP_Breast_Lung,0.9661016949152542,0.9661016949152542,0.9661016949152542,0.9661016949152542,595.7526321411133,0.9491525423728814,0.9486812290401522,0.9488815530153726,0.9491525423728814,595.1285898685455,0.9745762711864406,0.9744617599995208,0.9745188676395056,0.9745762711864406,595.5768268108367,0.949152542372881,0.949572624638992,0.950622387579808,0.949152542372881,595.257145643234,0.0,0.0,0.0,0.0,660.0,0.9528301886792452,0.9530957372466806,0.9528301886792452,0.951940192239231,1.0,1.0,1.0,1.0,0.8898305084745762,0.8975526509715704,0.8898305084745762,0.8825852150497444,randomForest,1.0,"0.822033898305085
",,,,,660.0008451938628
1,AP_Omentum_Ovary,0.7826086956521741,0.7770241183930379,0.7747885107220146,0.7826086956521741,596.191207408905,0.8260869565217391,0.8109105824446268,0.8271039918637173,0.8260869565217391,596.4950568675995,0.7391304347826086,0.7297527706734868,0.7257998359310911,0.7391304347826086,596.5288648605348,0.7971014492753621,0.785051478785494,0.7880670054583101,0.7971014492753621,595.407357692719,0.0,0.0,0.0,0.0,660.0,0.8225806451612904,0.8261241446725317,0.8225806451612904,0.8241184694247399,1.0,1.0,1.0,1.0,0.8115942028985508,0.8257648953301128,0.8115942028985508,0.7853687834981592,,,,,,,,660.0007450580598
2,AP_Prostate_Ovary,0.9850746268656716,0.9848445844173628,0.9853459972862958,0.9850746268656716,596.4689385890962,1.0,1.0,1.0,1.0,595.3784987926482,1.0,1.0,1.0,1.0,596.1700663566588,1.0,1.0,1.0,1.0,595.213258504868,1.0,1.0,1.0,1.0,530.0,0.9833333333333332,0.9842592592592592,0.9833333333333332,0.9834733893557422,1.0,1.0,1.0,1.0,0.9701492537313432,0.9741293532338308,0.9701492537313432,0.9709337409985116,,,,,,,,604.6668295860289
3,AirlinesCodrnaAdult,0.7868780600153047,0.7870621017252353,0.7873383340652366,0.7868780600153047,598.58456158638,0.7868780600153047,0.7870621017252353,0.7873383340652366,0.7868780600153047,597.3576600551605,0.7868780600153047,0.7870621017252353,0.7873383340652366,0.7868780600153047,598.074765920639,0.786878060015305,0.7870621017252349,0.787338334065237,0.786878060015305,597.1984846591951,0.0,0.0,0.0,0.0,660.0,,,,,,,,,,,,,,,,,,,,660.0008411407472
4,Amazon,0.7573333333333333,0.7435528263595137,0.7904847152847152,0.7573333333333333,595.6052324771881,0.5786666666666667,0.5624188336694838,0.5982444518444519,0.5786666666666667,594.8530738353728,0.6106666666666667,0.6023159519164473,0.6466989602989603,0.6106666666666667,595.7965834140778,0.677333333333333,0.668295641131775,0.7043936174936171,0.677333333333333,596.616449356079,0.0,0.0,0.0,0.0,660.0,0.7603550295857988,0.8025324938046833,0.7603550295857988,0.7613268881020359,1.0,1.0,1.0,1.0,0.784,0.8406906204906204,0.784,0.7854902142004309,c50,0.3973333333333329,"0.213333333333333
",,,,,632.7008926868439
5,CovPokElec,0.4448337647918831,0.27390982010643,0.1978770782989204,0.4448337647918831,167.8172972202301,0.4448337647918831,0.27390982010643,0.1978770782989204,0.4448337647918831,595.7522811889647,0.4448337647918831,0.27390982010643,0.1978770782989204,0.4448337647918831,597.1652307510376,0.454518222940404,0.44637733002590296,0.506248695287831,0.454518222940404,596.859163761139,0.0,0.0,0.0,0.0,660.0,,,,,,,,,,,,,,,,,,,,613.9637923240663
6,GCM,0.75,0.7433201058201058,0.8072916666666666,0.75,597.6665353775022,0.7291666666666666,0.7250992063492064,0.8159722222222222,0.7291666666666666,595.3195998668672,0.7291666666666666,0.7224867724867726,0.7864583333333334,0.7291666666666666,596.3476324081421,0.8125,0.8139880952380952,0.8538194444444445,0.8125,595.2691142559053,0.0,0.0,0.0,0.0,660.0,,,,,,,,,,,,,svm,0.7826086956521741,"0.604166666666667
",,,,,660.0009982585908
7,KDDCup99,0.9996194486053196,0.9995806231348708,0.9995639656320708,0.9996194486053196,594.9120285511018,0.9996194486053196,0.9995806231348708,0.9995639656320708,0.9996194486053196,594.7718844413757,0.9996599327962432,0.9996202489518784,0.999605270312692,0.9996599327962432,595.0320012569427,0.99961944860532,0.999580623134871,0.999563965632071,0.99961944860532,595.161702156067,0.0,0.0,0.0,0.0,660.0,0.9994602132157796,0.9994437006972388,0.9994602132157796,0.9994380053410872,0.9999946021078768,0.9999946050752804,0.9999946021078768,0.9999945985801816,0.4163070321039634,0.4188310124919002,0.4163070321039634,0.4175102334466781,svm,0.999916047517105,"0.998631634346788
",,,,,660.0012629032135
8,MagicTelescope,0.8853838065194533,0.8831647138159633,0.8857982512050642,0.8853838065194533,594.8868410587312,0.8689800210304942,0.8659423543304212,0.8693864182959116,0.8689800210304942,594.8940761089325,0.8849631966351209,0.8835083091128588,0.8843172035703285,0.8849631966351209,596.288681268692,0.8715036803364878,0.8687862865299631,0.8716140199737189,0.8715036803364878,595.0045294761658,0.8332281808622503,0.8288345947743826,0.8320568493900877,0.8332281808622503,529.0,,,,,,,,,,,,,randomForest,0.9940413599719592,"0.879495268138801
",,,,,625.9690971374513
9,aaaData_for_UCI_named,1.0,1.0,1.0,1.0,596.1093039512633,1.0,1.0,1.0,1.0,595.2963540554048,1.0,1.0,1.0,1.0,596.2462475299835,1.0,1.0,1.0,1.0,596.2212088108063,1.0,1.0,1.0,1.0,566.0,,,,,,,,,,,,,randomForest,1.0,"1
",1.0,1.0,1.0,1.0,605.9276812076569
10,analcatdata_authorship,1.0,1.0,1.0,1.0,596.3876166343689,0.995260663507109,0.995262751228572,0.9953274147253188,0.995260663507109,595.7592496871947,1.0,1.0,1.0,1.0,596.142872095108,0.995260663507109,0.9952581533761158,0.9953184602936076,0.995260663507109,595.3398070335387,0.9952606635071092,0.9952581533761158,0.9953184602936076,0.995260663507109,512.0,,,,,,,,,,,,,knn,1.0,"0.995260663507109
",0.995260663507109,0.9952581533761158,0.9953184602936076,0.995260663507109,600.7341470718384
11,arrhythmia,0.831858407079646,0.8286334424587809,0.8567253039787035,0.831858407079646,595.4040949344635,0.8230088495575221,0.8181304667842044,0.8591709361900326,0.8230088495575221,595.6189711093903,0.8141592920353983,0.8114691616886585,0.8313968188633758,0.8141592920353983,595.2606823444366,0.8672566371681416,0.865868746166652,0.8815402857308116,0.8672566371681416,597.0302398204802,0.8053097345132744,0.8028992836072482,0.8194060652698589,0.8053097345132744,514.0,,,,,,,,,,,,,naiveBayes,0.702064896755162,"0.654867256637168
",0.8230088495575221,0.8200458280657394,0.8438240059827994,0.8230088495575221,607.4428436756134
12,audiology,0.9473684210526316,0.9468365823224988,0.94703425229741,0.9473684210526316,595.7469971179962,0.9298245614035088,0.9310113519091848,0.9347728295096716,0.9298245614035088,596.9934511184692,0.9473684210526316,0.9455748905732893,0.9509569377990428,0.9473684210526316,595.1880259513855,0.9473684210526316,0.9455748905732893,0.9509569377990428,0.9473684210526316,595.7142243385315,0.9298245614035088,0.9264440170192924,0.9360623781676412,0.9298245614035088,511.0,,,,,,,,,,,,,svm,1.0,"0.894736842105263
",0.9473684210526316,0.9468365823224988,0.94703425229741,0.9473684210526316,600.6311609745027
13,avila-tr,0.9975081464443166,0.9975004211581192,0.9975176079433636,0.9975081464443166,596.9559104442596,0.9965497412305924,0.9965776678659644,0.9966723220510862,0.9965497412305924,595.4780249595643,0.9988499137435308,0.9988488377681072,0.9988555266734706,0.9988499137435308,595.7117631435393,0.993866206632164,0.9938646718636484,0.9938930623454678,0.993866206632164,595.2881174087522,0.8033352501437608,0.7982138845824017,0.8043847498846879,0.8033352501437608,519.0,,,,,,,,,,,,,c50,1.0,"0.998466551658041
",,,,,640.3718209266663
14,churn,0.9568,0.9543513373597928,0.9564482896948014,0.9568,595.4992835521697,0.9544,0.9515886961605924,0.9540676776687482,0.9544,595.4774315357207,0.948,0.94461853307785,0.946928488791973,0.948,595.3204472064973,0.948,0.94461853307785,0.946928488791973,0.948,595.7465074062347,0.9216,0.9124903157672404,0.9183693913043476,0.9216,533.0,,,,,,,,,,,,,randomForest,0.986133333333333,"0.9576
",0.9536,0.9508168220356856,0.9530323076923076,0.9536,659.9104332923888
15,cifar-10,,,,,,,,,,23.82127022743225,,,,,25.31681323051453,,,,,24.44110822677609,0.0,0.0,0.0,0.0,660.0,0.28244444444444444,0.2894979819846175,0.28244444444444444,0.26140658003517764,0.2875333333333333,0.2982023922469028,0.2875333333333333,0.2664888393426961,0.28686666666666666,0.29971523592413324,0.28686666666666666,0.2667139572824652,bagging,0.874617737003058,"0.203133333333333
",,,,,
16,connect-4,0.8054470100651273,0.7908520623850334,0.7850976992723546,0.8054470100651273,595.0829758644104,0.8002960331557134,0.7691920796329978,0.7728126726980868,0.8002960331557134,595.2579832077026,0.8004736530491415,0.7699151308490215,0.7735129729059462,0.8004736530491415,597.2537240982057,0.8040260509177031,0.788353394752917,0.782447951915415,0.8040260509177031,595.312118530273,0.7069271758436945,0.6539400220472215,0.6637036715960829,0.7069271758436945,536.0,0.6948227090323005,0.6952971139155839,0.6948227090323005,0.6950588321105234,1.0,1.0,1.0,1.0,0.7211959739490823,0.7207566813272082,0.7211959739490823,0.7209750662720867,c50,0.922336037262913,"0.838247483718176
",,,,,605.8207817077638
17,dataset_183_adult,0.8547211530587175,0.8515751601786792,0.8500769109822445,0.8547211530587175,595.5607652664186,0.8501351240684628,0.8474313835310564,0.8458794612418283,0.8501351240684628,595.1238217353822,0.8568503808041931,0.8518444153762235,0.8508950939797523,0.8568503808041931,595.1675283908844,0.854966833183195,0.849996032294002,0.848913771078066,0.854966833183195,594.82880449295,0.8455490950782082,0.8398098650387092,0.8384656237980112,0.8455490950782082,539.0,0.8253867151956324,0.8432421491134039,0.8253867151956324,0.8313560833392284,0.8386066446452458,0.8403874657703261,0.8386066446452458,0.8394433939724497,0.8375235443452624,0.8369953453961908,0.8375235443452624,0.8372542500714177,randomForest,0.885042723376375,"0.854803046433544
",,,,,646.1456487178802
18,dataset_185_yeast,0.5822102425876011,0.5761616095280143,0.5758876193948337,0.5822102425876011,598.3482704162598,0.5983827493261455,0.5930529554690811,0.6020288246367835,0.5983827493261455,595.836594581604,0.5714285714285714,0.5663328198526952,0.5718367346938774,0.5714285714285714,597.518034696579,0.5687331536388139,0.561057386505269,0.5635726135935379,0.5687331536388139,598.037075996399,0.5633423180592991,0.5568772797905889,0.5643021293926807,0.5633423180592992,524.0,0.5688622754491018,0.615071131807861,0.5688622754491018,0.5596298203708321,0.7996406109613656,0.8005803648439509,0.7996406109613656,0.7983120907978771,0.522911051212938,0.5417567487188156,0.522911051212938,0.5204909944221887,bagging,0.554357592093441,"0.566037735849057
",0.5983827493261455,0.5870339827786292,0.5949953641950614,0.5983827493261455,603.1228325366974
19,dataset_186_satimage,0.9104477611940298,0.9093216667948112,0.9090836131679056,0.9104477611940298,595.7084279060364,0.909825870646766,0.9085599367474092,0.9086888306832216,0.909825870646766,595.7041888237001,0.9036069651741292,0.9016619303309528,0.9014809718788156,0.9036069651741292,595.4420826435089,0.903606965174129,0.901661930330953,0.901480971878816,0.903606965174129,596.222355604172,0.9135572139303484,0.9122558938050344,0.912068785456698,0.9135572139303484,541.0,0.9149965445749828,0.9123077756829792,0.9149965445749828,0.9117948042246384,1.0,1.0,1.0,1.0,0.9185323383084576,0.9169702046610154,0.9185323383084576,0.9168612490842232,randomForest,1.0,"0.911069651741294
",,,,,615.4860303401948
20,dataset_187_abalone,0.2717703349282297,0.2416223271808381,0.22672771678978496,0.2717703349282297,597.9163739681244,0.23732057416267946,0.2051089617747412,0.1857623625767901,0.23732057416267946,596.9223384857178,0.2688995215311005,0.2389824844685442,0.22498409454558,0.2688995215311005,598.3311047554016,0.242105263157895,0.224248539927163,0.21574372351652,0.242105263157895,596.688142776489,0.0,0.0,0.0,0.0,660.0,,,,,,,,,,,,,bagging,0.28192848020434197,"0.238277511961722
",,,,,614.3623566627502
21,dataset_189_baseball,0.9313432835820896,0.9185910447761194,0.9158115671641792,0.9313432835820896,595.2189328670503,0.9283582089552241,0.9115332428765264,0.9053397608232132,0.9283582089552241,594.6258549690248,0.9343283582089552,0.9260302963447944,0.9245061920517452,0.9343283582089552,594.763377904892,0.928358208955224,0.9012473179128055,0.8824262832180559,0.928358208955224,595.6880168914795,0.928358208955224,0.910077592957312,0.9079786253915606,0.928358208955224,510.0,,,,,,,,,,,,,randomForest,0.9681592039800991,"0.934328358208955
",0.9402985074626866,0.93068916550849,0.9313071899793464,0.9402985074626866,601.9454646110535
22,dataset_194_eucalyptus,0.7065217391304348,0.6987558382425706,0.7038422992714872,0.7065217391304348,596.3226704597472,0.6902173913043478,0.6799000606633803,0.7004259866757189,0.6902173913043478,597.3126134872438,0.6902173913043478,0.6849091597510113,0.6822412407047633,0.6902173913043478,597.5488932132721,0.6956521739130435,0.6968008378281099,0.6989001035196687,0.6956521739130435,597.907124042511,0.5978260869565217,0.5793582098895655,0.5989949923632993,0.5978260869565217,511.0,,,,,,,,,,,,,svm,0.793478260869565,"0.684782608695652
",0.7119565217391305,0.7024089113545253,0.7185981268259151,0.7119565217391305,603.7678103446959
23,dataset_24_mushroom,1.0,1.0,1.0,1.0,596.1303024291992,1.0,1.0,1.0,1.0,595.4138979911803,1.0,1.0,1.0,1.0,595.862194776535,1.0,1.0,1.0,1.0,595.038271427154,0.9881831610044312,0.9881808915507516,0.988454812475594,0.9881831610044312,523.0,1.0,1.0,1.0,1.0,1.0,1.0,1.0,1.0,1.0,1.0,1.0,1.0,c50,1.0,"1
",1.0,1.0,1.0,1.0,606.812548160553
24,dataset_26_nursery,0.9996913580246912,0.9995379611148074,0.9993863903586124,0.9996913580246912,596.2089076042175,0.9972222222222222,0.9970664046545704,0.996915309977658,0.9972222222222222,595.8890786170961,0.9996913580246912,0.9995379611148074,0.9993863903586124,0.9996913580246912,595.8618342876433,0.9956790123456792,0.995846003636124,0.9960498194427184,0.9956790123456792,595.2041206359862,0.9848765432098766,0.9844463621819504,0.984411920024174,0.9848765432098764,519.0,,,,,,,,,,,,,c50,0.9997942386831279,"0.997530864197531
",0.9993827160493828,0.999383569434992,0.9993863903586124,0.9993827160493828,617.5894379615784
25,dataset_28_optdigits,0.988612099644128,0.9886038047499306,0.9887689735608378,0.988612099644128,594.9268884658812,0.9736654804270464,0.9736632583501432,0.9738746763263028,0.9736654804270464,596.5616807937623,0.9829181494661922,0.982950834966576,0.983106563056367,0.9829181494661922,595.9267914295198,0.9686832740213523,0.9686354904763452,0.968795907961838,0.9686832740213523,594.8680851459502,0.9836298932384342,0.9836000144148026,0.9838874351038508,0.9836298932384342,564.0,,,,,,,,,,,,,rda,0.98932384341637,"0.975800711743772
",,,,,612.3263878822328
26,dataset_31_credit-g,0.7559999999999999,0.7426954043613182,0.7417841202949909,0.7559999999999999,596.8462445735931,0.7559999999999999,0.7426954043613182,0.7417841202949909,0.7559999999999999,595.5468256473541,0.728,0.7189932305684692,0.7148842105263159,0.728,596.2643043994904,0.7440000000000001,0.7291802054154991,0.72757264957265,0.7440000000000001,596.184198141098,0.752,0.7322035087719299,0.7353145780051151,0.752,510.0,0.7555555555555555,0.7491958772046737,0.7555555555555555,0.7515886240511321,1.0,1.0,1.0,1.0,0.6679999999999999,0.6855240110006346,0.6679999999999999,0.6750379449971601,svm,0.790666666666667,"0.768
",0.736,0.7188771448181194,0.7172799999999999,0.736,601.6268615722656
27,dataset_36_segment,0.980968858131488,0.9810790679059282,0.981331430629212,0.980968858131488,596.4336402416228,0.9757785467128028,0.9757836228062288,0.9765818300872232,0.9757785467128028,596.0422341823578,0.9826989619377162,0.9828334367386076,0.9832338365210336,0.9826989619377162,598.1858360767366,0.9653979238754326,0.9653937080879968,0.966044329527884,0.9653979238754326,598.8511147499082,0.9775086505190312,0.9775613791240759,0.977717059443004,0.9775086505190312,533.0,,,,,,,,,,,,,bagging,0.9405311778290991,"0.937716262975779
",0.9792387543252596,0.9793353037110052,0.9798054570580736,0.9792387543252596,607.9644629955293
28,dataset_39_ecoli,0.9047619047619048,0.9073843576556054,0.9188492063492064,0.9047619047619048,597.1889278888702,0.9047619047619048,0.9057222889155664,0.9120370370370372,0.9047619047619048,596.3549702167511,0.8928571428571429,0.9066171923314782,0.9294146825396824,0.8928571428571429,597.5767302513123,0.8452380952380949,0.8618580765639591,0.907467532467532,0.8452380952380949,597.331092119217,0.8928571428571429,0.8986579247083449,0.9082105064247922,0.8928571428571429,509.0,0.7894736842105263,0.7651788785689714,0.7894736842105263,0.7761879394843384,0.9444444444444444,0.9503002711805968,0.9444444444444444,0.9440959072160348,0.4761904761904762,0.440625,0.4761904761904762,0.3268781196689202,svm,0.892857142857143,"0.892857142857143
",0.8928571428571429,0.8967905110762253,0.9097861366768928,0.8928571428571429,600.9690990447997
29,dataset_40_sonar,0.7884615384615384,0.7885397990836391,0.7892011834319527,0.7884615384615384,596.723429441452,0.8653846153846154,0.8652347652347653,0.8657280219780219,0.8653846153846154,595.876761674881,0.7692307692307693,0.7685470085470084,0.7770730019605582,0.7692307692307693,595.9690878391266,0.9230769230769232,0.9230769230769232,0.9230769230769232,0.9230769230769232,596.0361053943634,0.75,0.7486002239641658,0.7522727272727271,0.75,510.0,,,,,,,,,,,,,svm,0.8653846153846151,"0.769230769230769
",0.75,0.7486002239641658,0.7522727272727271,0.75,601.5059485435487
30,dataset_42_soybean,0.9181286549707602,0.897033196016862,0.8872152322444721,0.9181286549707602,597.3795032501222,0.912280701754386,0.8912807919185932,0.879350181981761,0.912280701754386,597.2681066989899,0.912280701754386,0.9011310628971804,0.905444458076037,0.912280701754386,601.1019103527069,0.9005847953216374,0.8833106525923474,0.8925759317572182,0.9005847953216374,595.409640789032,0.9018404907975459,0.8974022798238537,0.9110553046135866,0.9018404907975459,560.0,,,,,,,,,,,,,naiveBayes,0.619140625,"0.60233918128655
",0.912280701754386,0.8920335215059094,0.8791379854995416,0.912280701754386,606.6007258892058
31,dataset_44_spambase,0.9556907037358818,0.9555295889238948,0.9558102323527099,0.9556907037358818,595.8039691448213,0.9513466550825368,0.9512243661025176,0.9513201479478696,0.9513466550825368,596.0837769508363,0.9530842745438748,0.9529455365627224,0.9531047197488028,0.9530842745438748,594.6199035644531,0.953084274543875,0.9528810690458792,0.9532890135656552,0.953084274543875,596.339125871658,0.9443961772371848,0.944102395392005,0.9446827030067398,0.944396177237185,562.0,0.936231884057971,0.936131139991077,0.936231884057971,0.9360899264321804,0.9736231884057972,0.973680101708155,0.9736231884057972,0.973641344536645,0.9548218940052128,0.9547656815938378,0.9548218940052128,0.9547665497917031,randomForest,0.985797101449275,"0.958297132927889
",0.9600347523892268,0.9599689126211944,0.960000662936718,0.9600347523892268,605.8348469734193
32,dataset_54_vehicle,0.8443396226415094,0.8433223422125595,0.8427157237498996,0.8443396226415094,595.8147325515748,0.8160377358490566,0.8129489822053639,0.8148145481290229,0.8160377358490566,596.2782580852509,0.8349056603773585,0.8342134971377255,0.8335953878406709,0.8349056603773585,596.7913587093352,0.8066037735849056,0.8022023456470644,0.8062009199437141,0.8066037735849056,596.1461443901063,0.0,0.0,0.0,0.0,660.0,,,,,,,,,,,,,rda,0.865930599369085,"0.834905660377358
",0.8066037735849056,0.8016627662947395,0.8023179876902825,0.8066037735849056,616.3169348239899
33,dataset_59_ionosphere,0.9318181818181818,0.9300249721056264,0.9384164222873901,0.9318181818181818,596.2739591598512,0.9318181818181818,0.9300249721056264,0.93841642228739,0.9318181818181818,596.4332888126372,0.9659090909090908,0.9655154538974924,0.9676425269645608,0.9659090909090908,595.7037677764893,0.9090909090909092,0.9076280041797282,0.9103896103896104,0.9090909090909092,596.9280257225038,0.943181818181818,0.94198833181884,0.947839046199702,0.9431818181818182,509.0,,,,,,,,,,,,,rda,0.9353612167300379,"0.909090909090909
",0.9204545454545454,0.91790974763111,0.9292929292929292,0.9204545454545454,600.6619942188262
34,dataset_60_waveform-5000,0.8584,0.8581378249018932,0.8588808229275658,0.8584,594.850310087204,0.872,0.8718049511719052,0.8720536359244916,0.872,595.5337319374082,0.8672,0.8670486302798261,0.8673811411060848,0.8672,595.0002267360687,0.852,0.8519329014363259,0.8521203857984,0.852,595.545733451843,0.8615999999999999,0.8616026068734338,0.8616561508695837,0.8616,529.0,0.8622222222222222,0.8641835248907442,0.8622222222222222,0.8612922115620714,0.9101333333333332,0.9133511687346476,0.9101333333333332,0.9096377622373392,0.8688,0.8693569176150179,0.8688,0.8683525697488798,randomForest,0.999733333333333,"0.8504
",,,,,611.9153978824614
35,dataset_61_iris,0.9736842105263158,0.9739522830846216,0.9763157894736842,0.9736842105263158,597.2288162708282,0.9473684210526316,0.9482456140350876,0.9569377990430624,0.9473684210526316,596.8556799888612,0.9473684210526316,0.9482456140350876,0.9569377990430624,0.9473684210526316,597.8288915157317,0.947368421052632,0.948245614035088,0.956937799043062,0.947368421052632,597.497436761856,0.9736842105263156,0.9739522830846216,0.9763157894736842,0.9736842105263158,508.0,0.9705882352941176,0.972689075630252,0.9705882352941176,0.9703589037954364,0.9821428571428572,0.9829734219269104,0.9821428571428572,0.982084879406308,0.7368421052631579,0.7791537667698659,0.7368421052631579,0.7121259029927761,naiveBayes,0.9464285714285708,"0.973684210526316
",0.9736842105263158,0.9739522830846216,0.9763157894736842,0.9736842105263158,601.2251226902007
36,dataset_6_letter,0.9644,0.9644098928888856,0.9646577168595408,0.9644,596.2902235984802,0.9502,0.9502090842385904,0.9505768367777316,0.9502,595.1678943634032,0.9616,0.9616165886596036,0.961812367434642,0.9616,595.4301733970643,0.951,0.951016616504064,0.951389685071472,0.951,595.2029752731322,0.935,0.935102858490976,0.9355944516566932,0.935,548.0,,,,,,,,,,,,,svm,0.989466666666667,"0.972
",,,,,613.037807226181
37,dataset_9_autos,0.8269230769230769,0.8232600732600732,0.8303167420814479,0.8269230769230769,599.4178991317749,0.7884615384615384,0.7879336349924586,0.8164835164835165,0.7884615384615384,596.0981571674348,0.8269230769230769,0.8272727272727273,0.8326923076923076,0.8269230769230769,599.7861292362212,0.8076923076923079,0.8091196900985551,0.8258034574776658,0.8076923076923079,599.274922609329,0.6923076923076923,0.687717556277394,0.6978632478632479,0.6923076923076923,513.0,,,,,,,,,,,,,naiveBayes,0.20261437908496696,0.134615384615385,0.36538461538461536,0.3987972811502224,0.4758421317244847,0.36538461538461536,603.034485578537
38,devnagari,0.8862173913043478,0.8859810285320476,0.887738284177723,0.8862173913043478,604.8952751159667,0.8868260869565218,0.8866507544266057,0.8891665466385846,0.8868260869565218,598.5537533760072,0.8862173913043478,0.8859810285320476,0.887738284177723,0.8862173913043478,596.9179034233092,0.886217391304348,0.885981028532048,0.887738284177723,0.886217391304348,597.066640377045,0.0,0.0,0.0,0.0,660.0,0.5584541062801932,0.5571688710272914,0.5584541062801932,0.5573236455125329,1.0,1.0,1.0,1.0,0.5857391304347827,0.586966314983441,0.5857391304347827,0.5857984346769778,svm,1.0,"0.406478260869565
",,,,,638.5666949748992
39,electricity-normalized,0.9141066384180792,0.9141774308018801,0.9143021335282134,0.9141066384180792,595.6279346942903,0.891066384180791,0.8904182605314197,0.8915383814809141,0.891066384180791,595.5952537059784,0.9151659604519774,0.9152954445678948,0.915623009884247,0.9151659604519774,595.9732739925386,0.890625,0.89043995158536,0.8904364513165529,0.890625,595.410164833069,0.734375,0.7351657331802173,0.7366663797955862,0.734375,578.0,0.8586700666928208,0.8604676317440034,0.8586700666928208,0.8590943236980554,0.8855049435028248,0.8869009935717647,0.8855049435028248,0.8858167557650451,0.8042019774011301,0.8187251829378933,0.8042019774011301,0.7965238468928802,randomForest,0.995056497175141,"0.916754943502825
",,,,,653.4852519035338
40,eye_movements,0.6953182150694952,0.6949340349152002,0.6946281599314786,0.6953182150694952,596.3292462825775,0.6755669348939283,0.6766434932441314,0.6839455820541277,0.6755669348939283,595.9216573238373,0.6887344550109731,0.6881129518509929,0.6881454267266198,0.6887344550109731,595.5435218811035,0.6437454279444039,0.6448330609728629,0.64848782109687,0.6437454279444039,595.492671251297,0.3840526700804682,0.3842831676331424,0.3859463031335261,0.3840526700804682,521.0,0.6940268183665177,0.6978377346111301,0.6940268183665177,0.6952657357722404,1.0,1.0,1.0,1.0,0.7560351133869788,0.7568142069846728,0.7560351133869788,0.7563640882539913,randomForest,0.999878078517435,"0.697512801755669
",,,,,609.8830642700195
41,gina_agnostic,0.9238754325259516,0.9238896336594454,0.9239432052648576,0.9238754325259516,595.2795696258545,0.9250288350634372,0.9250396252571264,0.9250725924450752,0.9250288350634372,594.9901659488677,0.9515570934256056,0.9515618710872521,0.9515767905821919,0.9515570934256056,594.8686857223512,0.9342560553633218,0.9342655175331724,0.9342973787060316,0.9342560553633218,594.9185762405398,0.8881199538638985,0.8880718926679165,0.8881399637530223,0.8881199538638985,597.0,,,,,,,,,,,,,plsda,0.808551992225462,"0.806228373702422
",,,,,660.0008189678192
42,hiva_agnostic,0.9669187145557656,0.9581006892923902,0.960904715777451,0.9669187145557656,595.4495255947112,0.9640831758034026,0.9550152647334712,0.9547400564811768,0.9640831758034026,594.9322817325593,0.9650283553875236,0.9566734781633124,0.9566963412703586,0.9650283553875236,595.0230009555818,0.965028355387524,0.956673478163312,0.956696341270359,0.965028355387524,594.923066854477,0.9640831758034026,0.9576905866978538,0.9559282308925156,0.9640831758034026,560.0,0.9642857142857144,0.9588046362239909,0.9642857142857144,0.961075361075361,0.9949542730999684,0.9948710758399688,0.9949542730999684,0.9948359155771318,0.9669187145557656,0.9602785250351412,0.9669187145557656,0.9606556138112868,svm,1.0,"0.962192816635161
",,,,,630.7605488300322
43,ipums_la_99-small,0.9339665309814564,0.9132220338871992,0.9158597982021188,0.9339665309814564,595.7181942462921,0.9289914066033468,0.9084005971780365,0.9046129763817919,0.9289914066033468,594.6460564136505,0.9298959746720942,0.9130996719723424,0.9072139515834354,0.9298959746720942,595.0891697406769,0.931705110809588,0.9011486631253092,0.916929908378152,0.931705110809588,594.8147697448729,0.8504398826979472,0.7817038541439134,0.7232479940832982,0.8504398826979472,569.0,,,,,,,,,,,,,randomForest,0.9516056083220258,"0.933061962912709
",,,,,660.0007710456847
44,jm1,0.8192505510653931,0.7774539865552419,0.7903788553629217,0.8192505510653931,594.6833660602571,0.8170462894930198,0.7650121634340965,0.7894549677104168,0.8170462894930198,595.1930899620056,0.8100661278471712,0.7756244425547311,0.7745885967578688,0.8100661278471712,594.6473684310912,0.8111682586333578,0.7659375213541129,0.7730744516294661,0.8111682586333578,594.7292323112488,0.8111682586333577,0.7675027420516144,0.7733682784564332,0.8111682586333578,568.0,,,,,,,,,,,,,plsda,0.813303932377802,"0.815576781778104
",0.8192505510653931,0.7834111702805144,0.7898202073525724,0.8192505510653931,626.9600522518157
45,jungle_chess_2pcs_endgame_panther_lion,1.0,1.0,1.0,1.0,595.7956619262695,1.0,1.0,1.0,1.0,596.7603216171265,1.0,1.0,1.0,1.0,595.4729113578796,1.0,1.0,1.0,1.0,595.2681837081908,0.9846938775510204,0.9844976164406776,0.9844265842885738,0.9846938775510204,525.0,,,,,,,,,,,,,c50,1.0,"1
",1.0,1.0,1.0,1.0,615.1173048019408
46,kin8nm,0.896484375,0.8964701279877507,0.8964713003268481,0.896484375,595.7790253162384,0.84912109375,0.8491039700455901,0.8490969848644481,0.84912109375,595.3662896156311,0.89697265625,0.8969905911933798,0.8970432017195735,0.89697265625,595.7329943180083,0.8671875,0.8672171814637244,0.8673064453902529,0.8671875,595.8660657405852,0.78515625,0.7850814768681063,0.7850802177373828,0.78515625,546.0,,,,,,,,,,,,,knn,0.887532552083333,"0.857421875
",0.85546875,0.8555233896995857,0.8558130222073015,0.85546875,612.2204685211183
47,leukemia,1.0,1.0,1.0,1.0,595.2450704574585,1.0,1.0,1.0,1.0,595.6457622051239,1.0,1.0,1.0,1.0,595.5112051963806,0.8888888888888891,0.8842592592592591,0.905982905982906,0.8888888888888891,596.364703655243,1.0,1.0,1.0,1.0,644.0,1.0,1.0,1.0,1.0,1.0,1.0,1.0,1.0,0.8333333333333334,0.8690476190476191,0.8333333333333334,0.8206060606060606,knn,1.0,"0.722222222222222
",0.9444444444444444,0.9435154217762912,0.9490740740740741,0.9444444444444444,608.6986377239227
48,lymphoma_2classes,0.6666666666666666,0.6666666666666666,0.6666666666666666,0.6666666666666666,594.4089248180388,0.9166666666666666,0.9172494172494172,0.9305555555555556,0.9166666666666666,594.8709213733672,0.8333333333333334,0.8333333333333334,0.8333333333333334,0.8333333333333334,595.0285730361937,0.75,0.7517482517482521,0.7638888888888891,0.75,594.638979911804,0.75,0.7517482517482517,0.7638888888888891,0.75,545.0,0.9,0.9166666666666669,0.9,0.898989898989899,1.0,1.0,1.0,1.0,0.3333333333333333,0.15151515151515152,0.3333333333333333,0.20833333333333334,knn,0.666666666666667,"0.583333333333333
",,,,,660.0007748603822
49,mfeat-pixel,0.9940000000000001,0.9939131486289432,0.9940395604395604,0.9940000000000001,597.2301433086395,0.994,0.9939131486289432,0.9940395604395604,0.994,596.8050167560577,0.996,0.9959618618195482,0.9960176211453744,0.996,596.1794135570526,0.994,0.993913148628943,0.99403956043956,0.994,595.124234676361,0.996,0.9959618618195482,0.9960176211453744,0.996,535.0,1.0,1.0,1.0,1.0,1.0,1.0,1.0,1.0,0.9940000000000001,0.9940395604395604,0.9940000000000001,0.9939131486289432,plsda,0.988,"0.988
",,,,,660.0013890266417
50,mnist_784,0.9640571428571428,0.964058315316965,0.96411486188824,0.9640571428571428,595.6642282009125,0.9645142857142858,0.9645051785369196,0.9645466150626968,0.9645142857142858,595.8416795730592,0.9641714285714286,0.9641589974689524,0.9641974738140248,0.9641714285714286,595.2287433147429,0.964171428571428,0.964158997468952,0.9641974738140252,0.964171428571428,595.644026279449,0.0,0.0,0.0,0.0,660.0,0.9067936507936508,0.9078888688836324,0.9067936507936508,0.9069087554273576,0.919695238095238,0.9203134079874488,0.919695238095238,0.9197202021027898,0.9058285714285714,0.9070322709547972,0.9058285714285714,0.9060391220542612,bagging,0.742745098039216,"0.686514285714286
",,,,,648.6019234657288
51,openml_phpJNxH0q,0.96,0.9594975065666757,0.960844277673546,0.96,597.3581929206847,0.9428571428571428,0.9416375767752198,0.9451895043731778,0.9428571428571428,595.4047038555145,0.9714285714285714,0.9713624264537224,0.9713685474189676,0.9714285714285714,597.5450959205627,0.982857142857143,0.982817455872234,0.982851140456182,0.982857142857143,597.3589618206021,0.9828571428571428,0.9828174558722336,0.9828511404561824,0.9828571428571428,510.0,0.9556962025316456,0.9559621316881184,0.9556962025316456,0.9557877111443028,0.9522900763358778,0.95276254134634,0.9522900763358778,0.9524331445212276,0.96,0.9602475685234304,0.96,0.9600888066604996,naiveBayes,0.958015267175573,"0.971428571428571
",0.96,0.9597105054845642,0.9600734618916438,0.96,600.8024654388428
52,page-blocks,0.97881665449233,0.9787843300026392,0.9787545819399102,0.97881665449233,596.0618073940278,0.975164353542732,0.9750882556577536,0.9750223429955364,0.975164353542732,595.5543956756593,0.9773557341124908,0.9771079644216216,0.9769900267274694,0.9773557341124908,596.2810671329497,0.9773557341124908,0.9771801783360192,0.9770700836773012,0.9773557341124908,596.5459003448486,0.9773557341124908,0.9769599897865618,0.9768927311994338,0.9773557341124908,543.0,,,,,,,,,,,,,randomForest,0.992690058479532,"0.97881665449233
",0.97881665449233,0.9787189042467248,0.9786446106041468,0.97881665449233,609.9608519077301
53,php0FyS2T,0.6475,0.6433375929625931,0.724015873015873,0.6475,594.8866786956788,0.565,0.5537353618603619,0.6199771825396825,0.565,594.650444984436,0.5925,0.5875674741924742,0.6557708333333335,0.5925,594.9285523891449,0.5925,0.5875674741924742,0.6557708333333335,0.5925,595.3486261367798,0.4925,0.4862826756576756,0.5491934523809523,0.4925,539.0,,,,,,,,,,,,,svm,0.958333333333333,"0.71
",,,,,660.0007019042969
54,php3CTpvq,0.6532826185948089,0.6519353847281829,0.6529678314867714,0.6532826185948089,596.3824853897095,0.6540058393378513,0.6534309082829283,0.6550901004500926,0.6540058393378513,595.9456181526184,0.6542736988723113,0.6531923527111614,0.6543594546631789,0.6542736988723113,595.9155395030975,0.654273698872311,0.653192352711161,0.6543594546631789,0.654273698872311,595.750980138779,0.5411566174697988,0.5415927019329786,0.5449674821101428,0.5411566174697988,622.0,0.4754761904761905,0.4752370688919976,0.4754761904761905,0.4752712509294131,1.0,1.0,1.0,1.0,0.5145313797444621,0.5131180384524172,0.5145313797444621,0.513735247300377,randomForest,0.962499665175582,"0.659711247421852
",,,,,607.4608669281007
55,php5OMDBD,0.996,0.9959358288770054,0.9964444444444444,0.996,604.5165762901306,1.0,1.0,1.0,1.0,598.0016131401063,0.976,0.9771389436157236,0.9858095238095238,0.976,603.7048592567444,1.0,1.0,1.0,1.0,595.4234700202943,0.992,0.9923555555555555,0.9946666666666666,0.992,558.0,,,,,,,,,,,,,randomForest,1.0,"1
",1.0,1.0,1.0,1.0,603.7099869251251
56,php5s7Ep8,0.7818930041152263,0.7807281222578735,0.7863172823501875,0.7818930041152263,598.3763954639435,0.7860082304526749,0.7836577244626731,0.7893274935876374,0.7860082304526749,595.7852008342742,0.7633744855967078,0.7640622962677103,0.7680339332996888,0.7633744855967078,596.6170246601105,0.7695473251028807,0.7666638363149467,0.7726067584789209,0.7695473251028807,595.6296632289886,0.7757201646090535,0.7680118168697433,0.7841876472072882,0.7757201646090535,571.0,,,,,,,,,,,,,svm,0.75807560137457,"0.720164609053498
",0.8106995884773662,0.8086623864521606,0.8140402469441654,0.8106995884773662,609.9803915023804
57,php7KLval,0.8,0.7687804878048781,0.7904334828101643,0.8,596.7734935283661,0.792,0.7672227722772277,0.7746728110599078,0.792,597.2112483978271,0.816,0.7872780487804879,0.8158086696562034,0.816,597.2266416549683,0.8,0.7631502078418155,0.7969354529783567,0.8,596.9491446018219,0.748,0.6401647597254004,0.559504,0.748,508.0,,,,,,,,,,,,,randomForest,0.833333333333333,"0.76
",,,,,660.0007648468018
58,phpB0xrNj,0.9635897435897436,0.9635893464065456,0.9641714254951912,0.9635897435897436,594.9558668136598,0.9605128205128204,0.9606109639258344,0.961356982534313,0.9605128205128204,595.6471073627473,0.9543589743589744,0.9543853975161908,0.9551914345624284,0.9543589743589744,595.2347545623778,0.936410256410256,0.9363160591621328,0.937946075993184,0.936410256410256,594.807197809219,0.8794871794871795,0.8793364531274689,0.8852336099549976,0.8794871794871795,609.0,0.9452991452991452,0.9478894762333624,0.9452991452991452,0.9453056240699416,0.9970925260817514,0.9971057422928112,0.9970925260817514,0.9970928222984972,0.8476923076923077,0.9078199725731676,0.8476923076923077,0.8535683801722428,svm,1.0,"0.911794871794872
",,,,,660.0006966590881
59,phpCsX3fx,0.7525,0.7522653596403596,0.8217023809523809,0.7525,594.4933068752289,0.7475,0.7502476412476413,0.8273988095238096,0.7475,596.0122828483583,0.7525,0.7522653596403596,0.8217023809523809,0.7525,594.5517275333406,0.7525,0.7522653596403596,0.8217023809523809,0.7525,595.1257612705232,0.7825,0.7850171935907229,0.8392420634920634,0.7825,569.0,,,,,,,,,,,,,svm,0.9975,"0.8175
",,,,,658.4460618495941
60,phpEZ030X,0.75,0.7420634920634921,0.8409090909090908,0.75,595.1844079494476,0.8125,0.8102941176470588,0.8687499999999999,0.8125,596.1714563369751,0.75,0.7420634920634921,0.8409090909090908,0.75,594.8492891788483,0.75,0.7420634920634921,0.8409090909090908,0.75,595.9861116409303,0.75,0.75,0.7738095238095237,0.75,542.0,,,,,,,,,,,,,svm,1.0,"0.5
",,,,,624.0301620960237
61,phpGReJjU,1.0,1.0,1.0,1.0,595.789901971817,0.999475799405906,0.9994759961483912,0.9994787465953496,0.999475799405906,595.0298552513123,1.0,1.0,1.0,1.0,597.08456158638,1.0,1.0,1.0,1.0,596.214180707932,1.0,1.0,1.0,1.0,545.0,,,,,,,,,,,,,c50,1.0,"1
",,,,,651.8913419246674
62,phpGUrE90,0.8939393939393939,0.8931590951964468,0.8933820968303727,0.8939393939393939,595.6897366046908,0.8825757575757576,0.8821633954377316,0.8819948208742776,0.8825757575757576,596.930819272995,0.875,0.8742452992927376,0.8741662961316141,0.875,596.2868621349335,0.8522727272727273,0.8524349519477507,0.8526227769390928,0.8522727272727273,596.6713154315947,0.8787878787878788,0.8782114006144044,0.8780678371173822,0.8787878787878788,513.0,,,,,,,,,,,,,svm,0.7762326169405821,"0.734848484848485
",0.8787878787878788,0.8790497729938436,0.8794174844088786,0.8787878787878788,602.9322426319122
63,phpHyLSNF,0.8811188811188811,0.8764543312574228,0.9153263403263402,0.8811188811188811,595.5858969688418,0.8881118881118881,0.8751705976700396,0.8894751712933532,0.8881118881118881,596.867440700531,0.8811188811188811,0.8760459655034494,0.917377824196006,0.8811188811188811,595.7287657260895,0.8181818181818182,0.8048051557544786,0.8434426684426685,0.8181818181818182,595.3963119983672,0.8321678321678321,0.8322220488549089,0.8545984318711592,0.8321678321678322,556.0,,,,,,,,,,,,,bagging,0.8621495327102799,"0.622377622377622
",,,,,645.7917475700377
64,phpN4gaxw,0.9959746981023576,0.9959719940576868,0.9959882302463792,0.9959746981023576,595.2676997184752,0.9962622196664748,0.9962611936787028,0.9962765135232527,0.9962622196664748,595.4751760959625,0.9959746981023576,0.9959737324305274,0.9959815833924672,0.9959746981023576,594.8761339187623,0.9965497412305924,0.9965490732438852,0.9965708618413772,0.9965497412305924,594.9296064376831,0.9324324324324323,0.9324023591067804,0.9325885310340062,0.9324324324324323,585.0,,,,,,,,,,,,,,,"NA
",,,,,650.1786189079285
65,phpNevWWL,0.7057142857142857,0.7002435421901703,0.7053520718270941,0.7057142857142857,595.9872989654541,0.7157142857142857,0.7002143965429632,0.7187848713181031,0.7157142857142857,595.6052067279817,0.7057142857142857,0.6950020824127665,0.6995720997760959,0.7057142857142857,596.4387676715852,0.6971428571428572,0.6743135794513365,0.6817763247648305,0.6971428571428572,595.2604706287384,0.7157142857142857,0.6944940185678979,0.6864031428151028,0.7157142857142857,558.0,,,,,,,,,,,,,randomForest,0.834761904761905,"0.718571428571429
",0.7114285714285714,0.6999193164740045,0.7072364165407643,0.7114285714285714,622.8918943405151
66,phpPbCMyg,0.6006535947712418,0.5873274652576169,0.5828140186478215,0.6006535947712418,594.9776763916017,0.5993464052287582,0.5823418557081086,0.57817019845574,0.5993464052287582,595.3720428943634,0.592156862745098,0.5785191431560419,0.573814406061228,0.592156862745098,595.1722631454468,0.592156862745098,0.5785191431560419,0.573814406061228,0.592156862745098,595.2341837882997,0.5882352941176471,0.580196973827395,0.5754139807210734,0.5882352941176471,583.0,,,,,,,,,,,,,randomForest,0.7689625108979949,"0.597385620915033
",,,,,623.1076023578644
67,phpSZJq5T,0.9111111111111112,0.912562553640985,0.9366381766381764,0.9111111111111112,596.4527800083159,0.9111111111111112,0.9128196930946292,0.9321869488536154,0.9111111111111112,595.6519865989685,0.9111111111111112,0.9113635668692428,0.9301346801346801,0.9111111111111112,596.996356010437,0.9222222222222224,0.923720821661998,0.9424074074074074,0.9222222222222224,596.2767491340637,0.9222222222222224,0.9231779748936612,0.9382323232323232,0.9222222222222224,569.0,,,,,,,,,,,,,bagging,0.992592592592593,"0.822222222222222
",,,,,660.0011606216432
68,phpTJRsqa,0.6546938775510204,0.6441994370249879,0.6574476585048626,0.6546938775510204,597.1419653892518,0.6734693877551021,0.6606941119600006,0.6935252947848372,0.6734693877551021,599.4037840366364,0.6481632653061224,0.6391243379328642,0.6432591311346552,0.6481632653061224,597.5985460281373,0.6522448979591837,0.6366833402750048,0.6792148234787986,0.6522448979591837,597.6491587162018,0.6783673469387754,0.6676008254060121,0.6822987272421721,0.6783673469387755,516.0,,,,,,,,,,,,,bagging,0.524367002450313,"0.507755102040816
",0.686530612244898,0.6741444597363679,0.705538268005615,0.686530612244898,609.2091789245604
69,phpVeNa5j,0.997067448680352,0.9970662433111344,0.997072907542116,0.997067448680352,596.2743346691133,0.99633431085044,0.9963321873074552,0.9963450871085084,0.99633431085044,596.2719886302947,0.9970674486803521,0.9970662433111344,0.9970729075421159,0.9970674486803521,595.5672545433042,0.997067448680352,0.9970669872358988,0.9970758114692864,0.997067448680352,596.4735081195831,0.995601173020528,0.9956014940782384,0.9956235625647636,0.995601173020528,534.0,,,,,,,,,,,,,randomForest,0.9997556207233629,"0.997800586510264
",,,,,660.0008869171143
70,phpWfYmlu,0.972972972972973,0.9729706985051724,0.9731527031956336,0.972972972972973,596.4833779335023,0.9767567567567568,0.9767565190593264,0.9767842510136766,0.9767567567567568,595.6902060508727,0.9783783783783784,0.978375598356312,0.9786496776669652,0.9783783783783784,595.9533667564393,0.9789189189189192,0.978917348128823,0.979081148256136,0.9789189189189192,595.5679583549501,0.9637837837837836,0.9637430736592281,0.9659475318122788,0.9637837837837838,634.0,0.9831831831831832,0.9832805905320524,0.9831831831831832,0.9831807800317468,0.9801801801801802,0.9802762145075864,0.9801801801801802,0.980177244816935,0.9783783783783784,0.9786026176586284,0.9783783783783784,0.9783761038653832,naiveBayes,0.98018018018018,"0.978378378378378
",,,,,613.1153919696808
71,phpYLeydd,0.648440664236533,0.6381442230570351,0.6460977712103498,0.648440664236533,595.6675388813019,0.6528959092750102,0.6418869475150949,0.6495104570385241,0.6528959092750102,595.7074990272523,0.6597812879708383,0.6549771055796781,0.6564811314810228,0.6597812879708383,595.3534276485442,0.6306196840826246,0.6146566424080112,0.6375939794871269,0.6306196840826246,595.7508087158202,0.5937626569461321,0.5808500688094357,0.5874954496421383,0.5937626569461321,516.0,,,,,,,,,,,,,,,"NA
",,,,,660.0010380744934
72,phpZrCzJR,0.992156862745098,0.9912466099317312,0.9917189550451412,0.992156862745098,595.192177772522,0.9921568627450981,0.9912466099317312,0.9917189550451412,0.9921568627450981,596.4131765365603,0.9898039215686274,0.9884317762211614,0.9886889292534116,0.9898039215686274,596.1779260635376,0.992156862745098,0.9909469466897164,0.9922189128816082,0.992156862745098,595.9647512435912,0.992156862745098,0.9912466099317312,0.9917189550451412,0.992156862745098,539.0,,,,,,,,,,,,,randomForest,0.996078431372549,"0.990588235294118
",0.992156862745098,0.9912466099317312,0.9917189550451412,0.992156862745098,601.0267655849458
73,phpbL6t4U,0.9939620471535364,0.9939586870585444,0.9939845438507836,0.9939620471535364,595.1174688339232,0.9939620471535364,0.9939574649720264,0.9939760563377152,0.9939620471535364,595.2419228553773,0.9930994824611846,0.9930962029539581,0.993109492183304,0.9930994824611846,594.6429281234741,0.9930994824611846,0.993096202953958,0.9931094921833041,0.9930994824611846,595.1632335186005,0.9798734905117884,0.9798426457337448,0.9798716629593424,0.9798734905117884,532.0,,,,,,,,,,,,,,,"NA
",,,,,616.4074101448059
74,phpchCuL5,1.0,1.0,1.0,1.0,595.150363445282,1.0,1.0,1.0,1.0,595.0872890949248,1.0,1.0,1.0,1.0,595.2955455780028,1.0,1.0,1.0,1.0,596.005047082901,1.0,1.0,1.0,1.0,546.0,,,,,,,,,,,,,bagging,1.0,"1
",,,,,660.0009620189668
75,phpdReP6S,0.9321766561514196,0.9174150880639232,0.9132951517564546,0.9321766561514196,595.0617578029633,0.9274447949526814,0.9107709513077232,0.903586225875662,0.9274447949526814,595.3443825244904,0.9337539432176656,0.90856324662564,0.9135907479199372,0.9337539432176656,594.5425779819489,0.9290220820189274,0.9167431780230711,0.9110782580996516,0.9290220820189274,595.4983747005463,0.9337539432176656,0.9108843685412814,0.9129505725886268,0.9337539432176656,592.0,,,,,,,,,,,,,plsda,0.938421052631579,"0.93217665615142
",0.9321766561514196,0.9119828993130186,0.9093211599126424,0.9321766561514196,618.1217882633208
76,phpdo58hj,0.875,0.875,0.875,0.875,595.2122938632965,0.875,0.875,0.875,0.875,597.9570634365083,0.8125,0.8003246753246753,0.859375,0.8125,594.6558609008789,0.9375,0.9377450980392156,0.9453125,0.9375,594.9048240184784,0.875,0.875,0.875,0.875,572.0,,,,,,,,,,,,,rda,0.979166666666667,"0.625
",,,,,
77,phpfLuQE4,0.8307692307692308,0.8304164160880579,0.8377454841217139,0.8307692307692308,594.6951806545258,0.8092307692307692,0.8092795380653279,0.8105698947369956,0.8092307692307692,594.8310720920563,0.8276923076923077,0.8275160655575281,0.8324436728061703,0.8276923076923077,596.3177380561829,0.796923076923077,0.796759205706574,0.7969737049076221,0.796923076923077,595.151611089706,0.7861538461538461,0.786141192505326,0.7884581247155211,0.7861538461538462,545.0,0.788034188034188,0.7937469223050039,0.788034188034188,0.7867505069491979,0.9969230769230768,0.9969315965883464,0.9969230769230768,0.9969231416646266,0.8215384615384616,0.8231626044875258,0.8215384615384616,0.8215722543520994,bagging,0.8471794871794871,"0.68
",,,,,660.0007390975952
78,phpfrJpBS,0.9996913580246912,0.9996913659045028,0.9996916755575876,0.9996913580246912,597.0534315109252,0.9969135802469136,0.9968934376308476,0.996919911364356,0.9969135802469136,596.1424014568329,1.0,1.0,1.0,1.0,596.5012419223784,1.0,1.0,1.0,1.0,596.6845068931581,0.9243827160493826,0.9248683140420184,0.9254900368538672,0.9243827160493828,517.0,,,,,,,,,,,,,,,"NA
",1.0,1.0,1.0,1.0,608.0409550666809
79,phphQEck0,0.9996572268015996,0.9996573199362118,0.9996577029349419,0.9996572268015996,595.8911857604979,0.9995103240022852,0.9995104920170976,0.9995111222607056,0.9995103240022852,595.055144071579,0.9996409042683424,0.9996410069673536,0.9996414308165223,0.9996409042683424,595.6103932857512,0.9995429690687996,0.9995430867191918,0.9995434644794856,0.9995429690687996,595.1401443481445,0.8869338121276422,0.8857212851498345,0.8848400536130826,0.8869338121276422,582.0,,,,,,,,,,,,,knn,0.9995538434752329,"0.999477678935771
",,,,,624.2520217895508
80,phpkIxskf,0.9048925064142264,0.8916853910551954,0.8922315427169594,0.9048925064142264,594.8028380870819,0.9050694505883394,0.8977567536429263,0.8950874455545853,0.9050694505883394,594.8840789794923,0.9039193134566044,0.8926059849153856,0.8913496692061796,0.9039193134566044,594.914989233017,0.9039193134566044,0.8926059849153856,0.8913496692061796,0.9039193134566044,595.1644165515901,0.8994072370167213,0.8813990582675267,0.8840494092855441,0.8994072370167212,560.0,,,,,,,,,,,,,randomForest,0.9870237112185909,"0.90710430859064
",,,,,624.5246829986572
81,phpmPOD5A,0.9500793360185524,0.9398095568946628,0.9399971925486924,0.9500793360185524,595.3942568302156,0.9498352251922372,0.9374996754934404,0.9398194422646742,0.9498352251922372,596.2854313850403,0.9471500061027708,0.9409211398269652,0.9381594272987579,0.9471500061027708,595.9246957302094,0.9440986207738312,0.925039291569364,0.9266057502356784,0.9440986207738312,596.1214947700499,0.9454412303185644,0.9409624765049188,0.9382039533018062,0.9454412303185646,562.0,,,,,,,,,,,,,c50,0.950276692708333,"0.945441230318565
",,,,,660.0012066364287
82,phpmcGu2X,0.937037037037037,0.9373938922657552,0.9390925953569632,0.937037037037037,595.7633304595947,0.9555555555555556,0.955133382906688,0.9564041913061521,0.9555555555555556,594.6361577510834,0.9444444444444444,0.9423481548300424,0.9457501808890698,0.9444444444444444,595.8950793743134,0.9481481481481482,0.9464774145438518,0.9530743063852384,0.9481481481481482,595.1990039348602,0.8185185185185184,0.8225764168083604,0.8769654300299462,0.8185185185185185,536.0,,,,,,,,,,,,,bagging,0.9469135802469141,"0.87037037037037
",,,,,
83,phpn1jVwe,0.9853361945636624,0.984099162499388,0.9840861512077336,0.9853361945636624,594.5553803443909,0.98068669527897,0.9778532301784504,0.978138036330412,0.98068669527897,594.8301177024841,0.9796137339055794,0.9765133507098668,0.976611883307246,0.9796137339055794,595.1447386741637,0.9792560801144492,0.9768434920769524,0.9762984082063584,0.9792560801144492,594.5914850234985,0.9735336194563662,0.967042411691838,0.9660882229900374,0.9735336194563662,56.0,,,,,,,,,,,,,bagging,0.9867652319065219,"0.976394849785408
",0.9817596566523604,0.9795495689705932,0.9795660247727408,0.9817596566523604,645.9910712242126
84,phpoOxxNn,0.8275,0.8267099428349428,0.85275,0.8275,596.6192312240603,0.775,0.7727842851592852,0.8170119047619048,0.775,594.8855614662169,0.78,0.7767305333555333,0.8158333333333334,0.78,597.6635191440582,0.78,0.7767305333555333,0.8158333333333334,0.78,595.3893067836761,0.77,0.7728568237318234,0.8211339285714284,0.77,554.0,,,,,,,,,,,,,svm,0.9991659716430359,"0.855
",,,,,660.0007250308989
85,phpoW7Dbi,0.9867986798679867,0.9867981046971896,0.9871415712999873,0.9867986798679867,595.3206984996797,1.0,1.0,1.0,1.0,596.1249685287478,1.0,1.0,1.0,1.0,595.0657455921172,1.0,1.0,1.0,1.0,595.8743338584901,0.8943894389438944,0.8943917396270823,0.8944719759532593,0.8943894389438944,515.0,,,,,,,,,,,,,naiveBayes,0.526952695269527,"0.488448844884488
",1.0,1.0,1.0,1.0,636.8517732620238
86,phprAeXmK,0.9543850739087434,0.9477165597173016,0.9480784205069898,0.9543850739087434,595.1632835865022,0.9543850739087434,0.9477165597173016,0.9480784205069898,0.9543850739087434,595.1478650569917,0.9543850739087434,0.9477165597173016,0.9480784205069898,0.9543850739087434,595.1207427978517,0.9543850739087428,0.947716559717302,0.94807842050699,0.9543850739087428,595.1019287109381,0.950308732725669,0.9400900067189104,0.9423499904314472,0.950308732725669,632.0,0.94425221639763,0.9363443559808508,0.94425221639763,0.9389960988805616,0.9637846772073794,0.9607888081407038,0.9637846772073794,0.9595172703911716,0.9438400470449868,0.9327455228086996,0.9438400470449868,0.9352795276044136,,,,,,,,646.5995573997498
87,phptd5jYj,0.9423558897243108,0.9427582682648415,0.9469247860190892,0.9423558897243108,595.4964995384216,0.9298245614035088,0.9301873062957028,0.9360694141287792,0.9298245614035088,596.6196975708008,0.9398496240601504,0.9402455287697544,0.9450262496175148,0.9398496240601504,594.9512405395508,0.9223057644110276,0.9220598412525672,0.9263359856431854,0.9223057644110276,595.3577418327333,0.8496240601503761,0.8507229104710505,0.8578379525641552,0.849624060150376,639.0,,,,,,,,,,,,,rda,0.998324958123953,"0.93984962406015
",,,,,602.7286705970763
88,phpvcoG8S,0.6257211930646812,0.6260316329364528,0.6264250807383033,0.6257211930646812,599.9546029567719,0.6346869762543939,0.6278407603448104,0.6316478133217033,0.6346869762543939,596.3702726364137,0.6184388116814736,0.6175650335387469,0.6170827984804318,0.6184388116814736,596.0578289031982,0.6184388116814736,0.6175650335387469,0.6170827984804318,0.6184388116814736,596.3204913139342,0.6419767735045905,0.6251935327503588,0.6446579492026213,0.6419767735045904,589.0,,,,,,,,,,,,,,,,,,,,660.0013039112091
89,phpvtdNPU,0.9166666666666666,0.9116161616161615,0.9236111111111112,0.9166666666666666,595.8414463996887,0.875,0.8393939393939394,0.8090277777777778,0.875,595.2751557826997,0.875,0.8722222222222222,0.8854166666666666,0.875,595.9053874015807,0.875,0.8393939393939394,0.8090277777777778,0.875,595.6645393371583,0.0,0.0,0.0,0.0,660.0,,,,,,,,,,,,,bagging,1.0,"0.625
",,,,,681.1221137046814
90,phpxijhaP,0.982162162162162,0.9821620214366632,0.9821670464219164,0.982162162162162,595.9389178752898,0.9827027027027028,0.9827021366228637,0.9827383282963152,0.9827027027027028,596.163987159729,0.9827027027027028,0.9827023387997641,0.9827226501816704,0.9827027027027028,595.6647982597351,0.9827027027027028,0.982702338799764,0.9827226501816704,0.9827027027027028,596.4143505096438,0.9843243243243244,0.9843237059589928,0.9843696871401284,0.9843243243243244,541.0,,,,,,,,,,,,,naiveBayes,0.977117117117117,"0.982162162162162
",0.982162162162162,0.982161687852914,0.9821893400369772,0.982162162162162,611.5396852493286
91,pokerhand-normalized,0.9986782504667128,0.9986116260883096,0.9986504582024058,0.9986782504667128,596.2601244449614,0.9953401093096512,0.99465859744955,0.9953337357597648,0.9953401093096512,595.7311754226686,0.9953401093096512,0.99465859744955,0.9953337357597648,0.9953401093096512,595.9101591110231,0.9953401093096508,0.99465859744955,0.995333735759765,0.9953401093096508,596.565738677979,0.0,0.0,0.0,0.0,660.0,,,,,,,,,,,,,,,"NA
",,,,,660.0008294582368
92,schizo,0.9294117647058824,0.9290209790209788,0.9297169811320756,0.9294117647058824,596.3949074745177,0.9882352941176472,0.9882046080278221,0.9884615384615384,0.9882352941176472,597.0250709056853,0.9529411764705882,0.9523584905660376,0.9563636363636364,0.9529411764705882,596.3399753570558,0.9176470588235294,0.9174322561947544,0.9174825174825176,0.9176470588235294,597.1284067630768,1.0,1.0,1.0,1.0,557.0,,,,,,,,,,,,,svm,0.6235294117647061,"0.541176470588235
",0.9529411764705882,0.9532879818594104,0.9578947368421052,0.9529411764705882,600.9440751075745
93,shuttle,0.999793103448276,0.9997922984775232,0.9997974381088434,0.999793103448276,595.7748377323152,0.9998620689655172,0.999862708946013,0.9998663793103448,0.9998620689655172,595.1724112033844,0.9998620689655172,0.9998716475095786,0.9999014778325124,0.9998620689655172,595.4726002216339,0.9997241379310344,0.99968493806656,0.9997439655172414,0.9997241379310344,594.9172921180725,0.9987586206896552,0.9985326483779106,0.9984150447823666,0.9987586206896552,548.0,,,,,,,,,,,,,c50,0.999977011494253,"0.999793103448276
",,,,,618.5288100242615
94,solar-flare_1,0.6708860759493671,0.6851797337520034,0.7013233601841197,0.6708860759493671,599.1653134822844,0.6708860759493671,0.6890619928594612,0.7151898734177216,0.6708860759493671,595.3762426376343,0.6835443037974683,0.7020685396727385,0.7257383966244725,0.6835443037974683,597.5066905021667,0.7088607594936709,0.7318221960553429,0.7582278481012658,0.7088607594936709,596.6872684955598,0.7974683544303798,0.7835184706794109,0.7711781888997078,0.7974683544303798,510.0,,,,,,,,,,,,,randomForest,0.8474576271186439,"0.734177215189873
",0.7468354430379747,0.7351535146781578,0.7242616033755275,0.7468354430379747,601.3224668502808
95,synthetic_control,0.98,0.9798378926038499,0.981818181818182,0.98,595.4928414821625,0.9666666666666668,0.9665385509042326,0.9675933667781494,0.9666666666666668,595.6545341014863,0.9666666666666668,0.9663964876730834,0.968181818181818,0.9666666666666668,595.1829135417937,0.9666666666666668,0.9664831917491492,0.9694725028058362,0.9666666666666668,595.5912516117096,0.96,0.959930420255534,0.9603460159911772,0.96,593.0,,,,,,,,,,,,,rda,1.0,"0.966666666666667
",0.98,0.9799346082519028,0.9810897435897435,0.98,600.7912805080414
96,tumors_C,0.6,0.6,0.6,0.6,595.1129837036133,0.6,0.6,0.6,0.6,595.5143201351167,0.6,0.6,0.6,0.6,595.4681239128113,0.5333333333333333,0.5481481481481479,0.5666666666666667,0.5333333333333333,594.9838140010834,0.6,0.6,0.6,0.6,645.0,,,,,,,,,,,,,svm,0.933333333333333,"0.266666666666667
",,,,,
97,umistfacescropped,0.9722222222222222,0.9746031746031744,0.9858796296296296,0.9722222222222222,596.5007829666138,0.9652777777777778,0.9674272486772486,0.9817460317460319,0.9652777777777778,594.5155520439147,0.9652777777777778,0.9674272486772486,0.9817460317460319,0.9652777777777778,595.0917816162108,0.965277777777778,0.9674272486772488,0.981746031746032,0.965277777777778,594.549030542374,0.0,0.0,0.0,0.0,660.0,0.9846153846153848,0.9868589743589744,0.9846153846153848,0.9844982368059292,1.0,1.0,1.0,1.0,1.0,1.0,1.0,1.0,svm,1.0,"0.993055555555556
",,,,,660.0008056163788
98,vowel,1.0,1.0,1.0,1.0,596.0312197208406,1.0,1.0,1.0,1.0,595.6483559608461,1.0,1.0,1.0,1.0,596.4106240272523,0.995967741935484,0.995922999109466,0.995985427277872,0.995967741935484,596.683441638947,1.0,1.0,1.0,1.0,508.0,0.9910313901345292,0.9910313901345292,0.9910313901345292,0.9910313901345292,1.0,1.0,1.0,1.0,0.9153225806451613,0.8378154266389178,0.9153225806451613,0.8748556876061121,part,1.0,"0.987903225806452
",1.0,1.0,1.0,1.0,601.4462220668793
99,wine-quality-red,0.67,0.6472105816618011,0.6323854813664597,0.67,597.1045322418212,0.6725,0.650389804000537,0.6389648299238107,0.6725,596.37739777565,0.675,0.6535531746934351,0.6408019480519481,0.675,598.2461042404175,0.675,0.6535531746934351,0.640801948051948,0.675,598.078359127045,0.6975,0.6792353350287748,0.6703716793537362,0.6975,550.0,0.6361111111111111,0.6100103600103599,0.6361111111111111,0.6217997559267922,0.8540450375312759,0.8544640353517308,0.8540450375312759,0.8532716540068788,0.6125,0.6003063025210084,0.6125,0.5995153604305339,bagging,0.6897414512093412,"0.6125
",0.6925,0.6726152667275336,0.6611860141357891,0.6925,606.7690012454988
